City_ID,City,Country,Lat,Lng,Max Temp,Humidity,Cloudiness,Wind Speed,Current Description,Date
0,Hofn,IS,64.2539,-15.2082,47.8,82,99,6.22,overcast clouds,2022-06-02 03:39:09
1,Rikitea,PF,-23.1203,-134.9692,77.13,82,68,22.91,broken clouds,2022-06-02 03:39:10
2,Iqaluit,CA,63.7506,-68.5145,35.33,64,20,2.3,few clouds,2022-06-02 03:39:10
3,Ambilobe,MG,-13.2,49.05,72.18,72,72,1.28,broken clouds,2022-06-02 03:39:11
4,Deputatskiy,RU,69.3,139.9,49.48,45,3,6.35,clear sky,2022-06-02 03:39:12
5,Hobart,AU,-42.8794,147.3294,52.23,65,75,6.91,broken clouds,2022-06-02 03:36:31
6,Kavaratti,IN,10.5669,72.642,80.13,82,100,16.69,moderate rain,2022-06-02 03:39:13
7,Qaanaaq,GL,77.484,-69.3632,25.34,73,100,4.81,overcast clouds,2022-06-02 03:39:14
8,Vaini,TO,-21.2,-175.2,80.76,78,40,5.75,scattered clouds,2022-06-02 03:39:15
9,Sechura,PE,-5.5569,-80.8222,63.73,81,71,10.38,broken clouds,2022-06-02 03:39:16
10,Lorengau,PG,-2.0226,147.2712,84.74,67,100,8.23,overcast clouds,2022-06-02 03:39:16
11,Cape Town,ZA,-33.9258,18.4232,61.38,89,75,3.44,broken clouds,2022-06-02 03:39:17
12,Dasoguz,TM,41.8363,59.9666,78.75,36,0,6.91,clear sky,2022-06-02 03:39:18
13,Sept-Iles,CA,50.2001,-66.3821,52.32,37,20,8.05,few clouds,2022-06-02 03:39:19
14,Tasiilaq,GL,65.6145,-37.6368,24.8,96,65,1.54,broken clouds,2022-06-02 03:39:19
15,Vila Do Maio,CV,15.1333,-23.2167,75.99,85,86,17.98,overcast clouds,2022-06-02 03:39:20
16,Jamestown,US,42.097,-79.2353,68.02,75,100,4.61,overcast clouds,2022-06-02 03:39:21
17,Ketchikan,US,55.3422,-131.6461,59.02,83,100,3.76,light rain,2022-06-02 03:39:21
18,Luderitz,NA,-26.6481,15.1594,63.91,26,0,8.79,clear sky,2022-06-02 03:39:22
19,Ushuaia,AR,-54.8,-68.3,35.26,75,0,4.61,clear sky,2022-06-02 03:39:23
20,Hamilton,US,39.1834,-84.5333,72.99,88,95,1.99,overcast clouds,2022-06-02 03:34:39
21,Yellowknife,CA,62.456,-114.3525,52.32,43,75,5.75,broken clouds,2022-06-02 03:39:24
22,Chodavaram,IN,17.8333,82.95,87.64,37,100,5.97,overcast clouds,2022-06-02 03:39:25
23,Castro,BR,-24.7911,-50.0119,59.61,97,100,4.97,light rain,2022-06-02 03:39:25
24,Djibo,BF,14.1022,-1.6306,91.76,25,5,8.1,clear sky,2022-06-02 03:39:26
25,Alofi,NU,-19.0595,-169.9187,78.69,83,40,17.27,scattered clouds,2022-06-02 03:39:27
26,Caucaia,BR,-3.7361,-38.6531,76.95,86,100,5.75,overcast clouds,2022-06-02 03:39:27
27,Codrington,AU,-38.2667,141.9667,54.46,53,100,10.45,overcast clouds,2022-06-02 03:39:28
28,Eyl,SO,7.9803,49.8164,81.09,62,93,24.92,overcast clouds,2022-06-02 03:39:28
29,Albany,US,42.6001,-73.9662,64.38,94,100,4.43,overcast clouds,2022-06-02 03:39:29
30,Victoria,HK,22.2855,114.1577,92.17,79,100,11.01,overcast clouds,2022-06-02 03:38:10
31,Hithadhoo,MV,-0.6,73.0833,83.26,69,65,9.33,broken clouds,2022-06-02 03:35:41
32,Pershotravneve,UA,51.3929,28.8684,58.46,88,52,2.93,broken clouds,2022-06-02 03:39:30
33,Kahului,US,20.8947,-156.47,79.97,82,40,21.85,scattered clouds,2022-06-02 03:37:42
34,Chokurdakh,RU,70.6333,147.9167,41.63,65,62,17.87,broken clouds,2022-06-02 03:39:31
35,Matara,LK,5.9485,80.5353,81.14,84,88,14.0,overcast clouds,2022-06-02 03:39:32
36,Busselton,AU,-33.65,115.3333,62.35,69,44,12.97,scattered clouds,2022-06-02 03:39:33
37,Chuy,UY,-33.6971,-53.4616,39.97,80,8,6.31,clear sky,2022-06-02 03:39:33
38,Fundacion,CO,10.5207,-74.185,74.91,89,57,1.86,broken clouds,2022-06-02 03:35:45
39,Sakakah,SA,29.9697,40.2064,83.77,12,47,16.35,scattered clouds,2022-06-02 03:39:35
40,Narsaq,GL,60.9167,-46.05,41.22,76,100,2.82,overcast clouds,2022-06-02 03:39:35
41,Maniwaki,CA,46.3834,-75.966,59.38,94,100,2.3,overcast clouds,2022-06-02 03:34:51
42,Te Anau,NZ,-45.4167,167.7167,51.66,89,100,3.24,light rain,2022-06-02 03:39:36
43,Esmeraldas,BR,-19.7625,-44.3139,67.06,83,57,3.53,broken clouds,2022-06-02 03:39:37
44,Kautokeino,NO,69.0125,23.0412,51.15,82,15,14.23,few clouds,2022-06-02 03:40:38
45,Airai,TL,-8.9266,125.4092,71.73,68,43,1.48,scattered clouds,2022-06-02 03:40:38
46,Daura,NG,11.5538,11.4085,79.77,58,67,7.94,broken clouds,2022-06-02 03:40:39
47,Nargana,PA,9.4428,-78.5906,78.58,84,100,6.33,overcast clouds,2022-06-02 03:40:40
48,East London,ZA,-33.0153,27.9116,56.34,67,0,9.22,clear sky,2022-06-02 03:40:40
49,Masuri,KR,35.8488,128.1492,80.29,20,18,3.83,few clouds,2022-06-02 03:40:41
50,Batemans Bay,AU,-35.7167,150.1833,59.09,46,92,3.31,overcast clouds,2022-06-02 03:40:42
51,Nanuque,BR,-17.8392,-40.3539,68.25,96,16,2.26,few clouds,2022-06-02 03:39:29
52,Longyearbyen,SJ,78.2186,15.6401,42.64,81,98,3.44,overcast clouds,2022-06-02 03:40:44
53,Mataura,NZ,-46.1927,168.8643,52.48,96,100,5.95,moderate rain,2022-06-02 03:40:44
54,Bareggio,IT,45.4877,8.9999,67.33,77,53,1.99,broken clouds,2022-06-02 03:40:45
55,Yarmouth,US,41.7057,-70.2286,57.54,87,100,6.91,overcast clouds,2022-06-02 03:40:45
56,Punta Arenas,CL,-53.15,-70.9167,33.91,93,75,4.61,broken clouds,2022-06-02 03:40:46
57,Mendoza,AR,-32.8908,-68.8272,36.93,70,20,3.44,few clouds,2022-06-02 03:40:47
58,Nyalikungu,TZ,-3.1833,33.7833,62.62,78,98,11.43,overcast clouds,2022-06-02 03:40:47
59,Quatre Cocos,MU,-20.2078,57.7625,71.1,60,3,8.68,clear sky,2022-06-02 03:40:48
60,Takayama,JP,36.1333,137.25,77.61,34,9,6.93,clear sky,2022-06-02 03:40:48
61,Khandyga,RU,62.6667,135.6,70.05,35,97,5.68,overcast clouds,2022-06-02 03:40:49
62,Ribeira Grande,PT,38.5167,-28.7,62.37,84,99,5.23,overcast clouds,2022-06-02 03:40:50
63,Les Cayes,HT,18.2,-73.75,76.19,86,100,3.83,overcast clouds,2022-06-02 03:40:51
64,Baruun-Urt,MN,46.6806,113.2792,82.81,13,80,10.63,broken clouds,2022-06-02 03:40:51
65,Davila,PH,18.4726,120.5763,87.78,69,57,7.61,broken clouds,2022-06-02 03:40:52
66,Sitka,US,57.0531,-135.33,51.69,87,100,3.44,mist,2022-06-02 03:40:52
67,Bengkulu,ID,-3.8004,102.2655,79.75,82,95,1.83,overcast clouds,2022-06-02 03:40:53
68,Oranjemund,NA,-28.55,16.4333,58.12,34,0,4.36,clear sky,2022-06-02 03:40:54
69,Ati,TD,13.2154,18.3353,83.16,9,26,8.32,scattered clouds,2022-06-02 03:40:55
70,Elat,IL,29.5581,34.9482,73.24,40,0,6.91,clear sky,2022-06-02 03:40:55
71,La Reforma,MX,25.0833,-108.05,75.36,79,45,4.54,scattered clouds,2022-06-02 03:40:56
72,Karratha,AU,-20.7377,116.8463,71.26,53,5,7.38,clear sky,2022-06-02 03:40:57
73,Guerrero Negro,MX,27.9769,-114.0611,61.39,86,0,14.7,clear sky,2022-06-02 03:40:57
74,Beloha,MG,-25.1667,45.05,65.64,66,81,7.18,broken clouds,2022-06-02 03:40:58
75,Lazi,UA,48.0667,24.2333,58.89,93,7,2.48,clear sky,2022-06-02 03:40:59
76,Chelbasskaya,RU,45.9792,39.3719,69.37,64,19,8.25,few clouds,2022-06-02 03:41:00
77,Muros,ES,42.7762,-9.0603,60.1,94,69,9.28,broken clouds,2022-06-02 03:41:00
78,Kruisfontein,ZA,-34.0033,24.7314,51.64,67,58,6.58,broken clouds,2022-06-02 03:41:01
79,Bluff,NZ,-46.6,168.3333,52.81,80,100,13.31,overcast clouds,2022-06-02 03:41:02
80,Saint-Philippe,RE,-21.3585,55.7679,71.19,72,33,7.96,scattered clouds,2022-06-02 03:41:02
81,Thompson,CA,55.7435,-97.8558,32.16,100,100,11.5,mist,2022-06-02 03:41:03
82,Lompoc,US,34.6391,-120.4579,72.79,83,0,8.05,mist,2022-06-02 03:41:04
83,Santa Rosa,PH,14.3122,121.1114,92.1,71,31,6.08,scattered clouds,2022-06-02 03:41:04
84,Cockburn Town,TC,21.4612,-71.1419,80.01,79,100,15.01,overcast clouds,2022-06-02 03:38:55
85,Ostrovnoy,RU,68.0531,39.5131,46.74,72,100,5.03,overcast clouds,2022-06-02 03:41:05
86,Tuktoyaktuk,CA,69.4541,-133.0374,53.6,58,75,8.05,broken clouds,2022-06-02 03:41:06
87,Georgetown,MY,5.4112,100.3354,84.13,98,40,7.0,scattered clouds,2022-06-02 03:41:08
88,Avarua,CK,-21.2078,-159.775,75.25,60,20,11.5,few clouds,2022-06-02 03:42:09
89,Butaritari,KI,3.0707,172.7902,81.91,74,99,8.48,overcast clouds,2022-06-02 03:42:09
90,Bredasdorp,ZA,-34.5322,20.0403,51.3,89,28,5.93,scattered clouds,2022-06-02 03:42:10
91,Atar,MR,20.5169,-13.0499,85.95,30,98,23.4,overcast clouds,2022-06-02 03:42:11
92,Cayenne,GF,4.9333,-52.3333,77.09,1,75,0.0,broken clouds,2022-06-02 03:42:12
93,Clyde River,CA,70.4692,-68.5914,32.23,93,40,0.0,scattered clouds,2022-06-02 03:41:06
94,Bethel,US,41.3712,-73.414,60.89,91,75,5.75,broken clouds,2022-06-02 03:42:13
95,Porto Walter,BR,-8.2686,-72.7439,70.65,99,94,1.52,overcast clouds,2022-06-02 03:42:14
96,Banjar,ID,-8.19,114.9675,88.34,59,64,3.2,broken clouds,2022-06-02 03:42:15
97,Port Alfred,ZA,-33.5906,26.891,57.79,68,84,8.59,broken clouds,2022-06-02 03:39:04
98,Hermanus,ZA,-34.4187,19.2345,56.16,81,12,6.51,few clouds,2022-06-02 03:42:16
99,Ahipara,NZ,-35.1667,173.1667,59.88,83,48,19.8,scattered clouds,2022-06-02 03:42:17
100,Vila Franca Do Campo,PT,37.7167,-25.4333,61.2,91,100,7.58,overcast clouds,2022-06-02 03:42:18
101,Awjilah,LY,29.1081,21.2869,79.34,23,0,4.25,clear sky,2022-06-02 03:42:18
102,Puerto Carreno,CO,6.189,-67.4859,75.38,88,77,7.94,broken clouds,2022-06-02 03:39:11
103,Lampa,CL,-33.2833,-70.9,48.02,76,75,5.75,shower rain,2022-06-02 03:42:20
104,Salalah,OM,17.0151,54.0924,84.29,79,75,4.61,broken clouds,2022-06-02 03:42:21
105,Puerto Ayora,EC,-0.7393,-90.3518,71.6,91,97,9.37,overcast clouds,2022-06-02 03:39:57
106,Bathsheba,BB,13.2167,-59.5167,81.21,78,20,14.97,few clouds,2022-06-02 03:42:22
107,Port Macquarie,AU,-31.4333,152.9167,61.9,49,100,4.79,overcast clouds,2022-06-02 03:42:22
108,Cidreira,BR,-30.1811,-50.2056,54.57,76,100,6.85,overcast clouds,2022-06-02 03:42:23
109,Namatanai,PG,-3.6667,152.4333,82.51,69,98,2.75,light rain,2022-06-02 03:42:24
110,Shimoda,JP,34.6667,138.95,76.1,65,9,6.89,clear sky,2022-06-02 03:42:24
111,Gazimurskiy Zavod,RU,51.5461,118.3266,68.94,28,15,4.36,few clouds,2022-06-02 03:42:25
112,Port Moresby,PG,-9.4431,147.1797,89.02,62,40,11.5,scattered clouds,2022-06-02 03:42:26
113,Port Elizabeth,ZA,-33.918,25.5701,53.89,84,0,8.05,clear sky,2022-06-02 03:42:27
114,La Ronge,CA,55.1001,-105.2842,55.65,30,100,14.97,overcast clouds,2022-06-02 03:42:22
115,Mahebourg,MU,-20.4081,57.7,71.26,88,20,4.61,few clouds,2022-06-02 03:42:28
116,Kapaa,US,22.0752,-159.319,82.38,88,100,10.36,light rain,2022-06-02 03:42:28
117,Necochea,AR,-38.5473,-58.7368,45.64,72,100,4.0,overcast clouds,2022-06-02 03:37:53
118,Gedo,ET,9.0167,37.45,54.09,63,42,1.1,scattered clouds,2022-06-02 03:42:29
119,Kaitangata,NZ,-46.2817,169.8464,51.37,90,100,8.12,overcast clouds,2022-06-02 03:42:30
120,Ponta Do Sol,PT,32.6667,-17.1,66.7,80,33,9.44,scattered clouds,2022-06-02 03:42:30
121,Aloleng,PH,16.1307,119.7824,85.3,70,99,13.42,overcast clouds,2022-06-02 03:42:32
122,Aklavik,CA,68.2191,-135.0107,60.85,62,99,8.41,overcast clouds,2022-06-02 03:42:32
123,Arraial Do Cabo,BR,-22.9661,-42.0278,71.64,91,90,10.98,overcast clouds,2022-06-02 03:42:33
124,Lebu,CL,-37.6167,-73.65,43.11,77,100,6.85,overcast clouds,2022-06-02 03:42:33
125,Liverpool,GB,53.4106,-2.9779,47.82,91,12,5.75,few clouds,2022-06-02 03:42:34
126,Severo-Kurilsk,RU,50.6789,156.125,43.61,80,61,5.75,broken clouds,2022-06-02 03:42:35
127,Hilo,US,19.7297,-155.09,85.28,81,100,9.22,overcast clouds,2022-06-02 03:42:36
128,Souillac,MU,-20.5167,57.5167,68.38,88,20,4.61,few clouds,2022-06-02 03:42:36
129,Shingu,JP,33.7333,135.9833,75.15,64,0,6.71,clear sky,2022-06-02 03:42:37
130,San Cristobal,VE,7.7669,-72.225,73.58,88,70,2.06,broken clouds,2022-06-02 03:42:37
131,Marfino,RU,55.7028,37.3822,62.17,82,0,4.47,clear sky,2022-06-02 03:42:38
132,Markova,UA,48.6758,24.4138,58.37,87,72,3.33,broken clouds,2022-06-02 03:42:39
133,Hambantota,LK,6.1241,81.1185,84.54,84,40,10.36,scattered clouds,2022-06-02 03:42:03
134,Vostok,RU,46.4856,135.8833,49.64,85,100,2.59,overcast clouds,2022-06-02 03:42:40
135,Bambous Virieux,MU,-20.3428,57.7575,71.22,88,20,4.61,few clouds,2022-06-02 03:42:40
136,Kaikalur,IN,16.5667,81.2,98.82,30,100,8.48,overcast clouds,2022-06-02 03:43:41
137,Puerto Escondido,MX,15.85,-97.0667,74.23,64,100,8.05,overcast clouds,2022-06-02 03:43:42
138,Esperance,AU,-33.8667,121.9,57.33,82,92,15.35,overcast clouds,2022-06-02 03:43:42
139,Sarmizegetusa,RO,45.5167,22.7833,60.12,80,0,3.56,clear sky,2022-06-02 03:43:43
140,Itarema,BR,-2.9248,-39.9167,75.09,90,100,6.85,overcast clouds,2022-06-02 03:43:43
141,Pangnirtung,CA,66.1451,-65.7125,32.32,82,96,3.83,overcast clouds,2022-06-02 03:43:44
142,Maketu,NZ,-37.7667,176.45,61.05,88,96,13.62,light rain,2022-06-02 03:43:45
143,Hervey Bay,AU,-25.2986,152.8535,66.58,53,9,9.06,clear sky,2022-06-02 03:43:46
144,Wajima,JP,37.4,136.9,77.68,57,20,18.41,few clouds,2022-06-02 03:43:46
145,Haines Junction,CA,60.7522,-137.5108,68.74,25,47,4.27,scattered clouds,2022-06-02 03:43:47
146,Tessalit,ML,20.1986,1.0114,90.59,16,86,10.71,overcast clouds,2022-06-02 03:43:48
147,Vardo,NO,70.3705,31.1107,42.78,93,100,2.3,overcast clouds,2022-06-02 03:43:48
148,Eureka,US,40.8021,-124.1637,54.21,88,100,1.99,overcast clouds,2022-06-02 03:43:49
149,Atuona,PF,-9.8,-139.0333,78.26,78,55,13.11,broken clouds,2022-06-02 03:43:49
150,Adrar,MR,20.5022,-10.0711,85.89,26,70,16.15,broken clouds,2022-06-02 03:43:50
151,Ancud,CL,-41.8697,-73.8203,39.22,83,95,4.99,overcast clouds,2022-06-02 03:43:51
152,Tommot,RU,58.9564,126.2925,60.93,71,99,6.76,light rain,2022-06-02 03:43:51
153,Vibo Valentia,IT,38.6996,16.1274,54.19,56,0,2.59,clear sky,2022-06-02 03:43:52
154,Jieshi,CN,22.8134,115.8257,83.7,78,91,12.95,light rain,2022-06-02 03:43:52
155,Sambava,MG,-14.2667,50.1667,72.7,79,56,6.8,broken clouds,2022-06-02 03:43:53
156,Rocha,UY,-34.4833,-54.3333,38.5,78,4,5.55,clear sky,2022-06-02 03:43:54
157,Boda,CF,4.3189,17.4695,68.49,98,100,3.49,overcast clouds,2022-06-02 03:43:54
158,Ampanihy,MG,-24.7,44.75,63.43,77,50,3.91,scattered clouds,2022-06-02 03:43:55
159,Bonthe,SL,7.5264,-12.505,79.52,82,100,1.5,overcast clouds,2022-06-02 03:43:56
160,Chicama,PE,-7.8447,-79.1469,59.54,84,99,5.79,overcast clouds,2022-06-02 03:43:56
161,Dikson,RU,73.5069,80.5464,28.4,92,100,28.1,overcast clouds,2022-06-02 03:43:57
162,Fukue,JP,32.6881,128.8419,75.56,73,40,8.05,scattered clouds,2022-06-02 03:42:53
163,Alta Floresta,BR,-9.8756,-56.0861,73.31,75,98,1.83,overcast clouds,2022-06-02 03:43:58
164,Talnakh,RU,69.4865,88.3972,33.21,76,98,1.74,overcast clouds,2022-06-02 03:43:59
165,Watsa,CD,3.0372,29.5355,62.11,88,100,2.44,overcast clouds,2022-06-02 03:44:00
166,Sabya,SA,17.1495,42.6254,82.02,58,8,4.34,clear sky,2022-06-02 03:44:01
167,Vanimo,PG,-2.6741,141.3028,85.62,64,3,10.16,clear sky,2022-06-02 03:44:01
168,Dali,CN,25.7,100.1833,76.96,52,49,6.64,scattered clouds,2022-06-02 03:44:02
169,Provideniya,RU,64.3833,-173.3,37.51,93,28,11.18,mist,2022-06-02 03:44:03
170,Marystown,CA,47.1666,-55.1483,42.85,100,100,3.0,overcast clouds,2022-06-02 03:44:03
171,Barrow,US,71.2906,-156.7887,30.22,80,100,14.97,overcast clouds,2022-06-02 03:44:04
172,Santo Estevao,BR,-12.4303,-39.2514,66.78,99,28,3.11,scattered clouds,2022-06-02 03:42:21
173,Krasnoselkup,RU,65.7,82.4667,32.95,68,100,20.0,overcast clouds,2022-06-02 03:44:06
174,Carnarvon,AU,-24.8667,113.6333,68.86,50,0,11.3,clear sky,2022-06-02 03:44:07
175,Castanos,MX,26.7833,-101.4167,86.34,48,47,14.88,scattered clouds,2022-06-02 03:41:44
176,Mar Del Plata,AR,-38.0023,-57.5575,46.94,70,0,3.44,clear sky,2022-06-02 03:44:08
177,Luwuk,ID,-0.9516,122.7875,86.81,66,51,4.21,broken clouds,2022-06-02 03:44:09
178,Nangal,IN,31.3667,76.3833,102.34,9,5,3.2,clear sky,2022-06-02 03:39:31
179,Manokwari,ID,-0.8667,134.0833,83.89,73,62,11.65,broken clouds,2022-06-02 03:44:10
180,Dingle,PH,10.9995,122.6711,89.15,62,13,6.69,few clouds,2022-06-02 03:44:11
181,Redlands,US,34.0556,-117.1825,79.45,48,0,9.22,clear sky,2022-06-02 03:44:11
182,College,US,64.8569,-147.8028,76.98,29,75,9.22,broken clouds,2022-06-02 03:45:13
183,Beringovskiy,RU,63.05,179.3167,38.79,84,47,7.16,scattered clouds,2022-06-02 03:45:15
184,Ekibastuz,KZ,51.6667,75.3667,63.09,44,35,17.36,scattered clouds,2022-06-02 03:45:16
185,Leningradskiy,RU,69.3833,178.4167,53.87,51,100,4.88,overcast clouds,2022-06-02 03:45:17
186,Itaqui,BR,-29.1253,-56.5531,42.1,79,98,7.72,overcast clouds,2022-06-02 03:45:18
187,Kudahuvadhoo,MV,2.6708,72.8944,84.0,69,64,14.85,broken clouds,2022-06-02 03:45:19
188,Tabou,CI,4.423,-7.3528,77.09,87,100,1.36,overcast clouds,2022-06-02 03:45:20
189,Carbonia,IT,39.1672,8.5222,70.45,50,52,7.18,broken clouds,2022-06-02 03:45:21
190,Erenhot,CN,43.6475,111.9767,87.96,7,4,17.65,clear sky,2022-06-02 03:45:22
191,Terney,RU,45.0503,136.6092,47.39,95,100,6.64,light rain,2022-06-02 03:45:22
192,Kutum,SD,14.2,24.6667,74.39,15,39,5.68,scattered clouds,2022-06-02 03:45:23
193,Nikolskoye,RU,59.7035,30.7861,57.87,97,100,8.75,overcast clouds,2022-06-02 03:45:23
194,Nemuro,JP,43.3236,145.575,47.41,94,99,8.68,overcast clouds,2022-06-02 03:45:24
195,Nishihara,JP,26.1842,127.7558,80.65,94,100,16.11,mist,2022-06-02 03:45:25
196,Saldanha,ZA,-33.0117,17.9442,46.45,86,0,8.23,clear sky,2022-06-02 03:45:25
197,High Level,CA,58.5169,-117.136,69.91,18,40,4.61,smoke,2022-06-02 03:45:27
198,Pevek,RU,69.7008,170.3133,46.65,55,100,8.9,overcast clouds,2022-06-02 03:45:27
199,Saint-Francois,FR,46.4154,3.9054,56.64,82,0,3.44,clear sky,2022-06-02 03:45:28
200,Luau,AO,-10.7073,22.2247,55.89,55,4,6.11,clear sky,2022-06-02 03:45:28
201,Clemencia,CO,10.5665,-75.325,81.77,84,67,1.57,broken clouds,2022-06-02 03:45:29
202,Namibe,AO,-15.1961,12.1522,73.9,40,0,9.69,clear sky,2022-06-02 03:45:30
203,Yining,CN,29.0361,114.5636,74.35,99,100,2.42,light rain,2022-06-02 03:45:30
204,Obo,CF,5.3998,26.4869,66.85,96,100,2.39,overcast clouds,2022-06-02 03:45:31
205,Olafsvik,IS,64.8945,-23.7142,47.44,82,100,12.88,overcast clouds,2022-06-02 03:45:32
206,Sao Filipe,CV,14.8961,-24.4956,75.33,74,91,10.94,overcast clouds,2022-06-02 03:45:32
207,Saint George,US,37.1041,-113.5841,84.79,8,0,8.05,clear sky,2022-06-02 03:45:33
208,Stokmarknes,NO,68.5646,14.9108,55.38,62,0,6.91,clear sky,2022-06-02 03:45:33
209,Port Hardy,CA,50.6996,-127.4199,53.78,100,100,0.0,light rain,2022-06-02 03:41:03
210,Sao Luis De Montes Belos,BR,-16.525,-50.3722,65.23,43,2,2.15,clear sky,2022-06-02 03:44:04
211,Paralimni,CY,35.0375,33.9833,63.09,72,41,4.92,scattered clouds,2022-06-02 03:45:35
212,Saurimo,AO,-9.6608,20.3916,55.96,52,20,7.16,few clouds,2022-06-02 03:45:35
213,Kavieng,PG,-2.5744,150.7967,83.16,66,100,4.23,overcast clouds,2022-06-02 03:45:36
214,Darhan,MN,49.4867,105.9228,80.08,32,70,17.69,broken clouds,2022-06-02 03:45:37
215,Mitu,CO,1.1983,-70.1733,68.68,99,100,1.66,overcast clouds,2022-06-02 03:45:37
216,Fairbanks,US,64.8378,-147.7164,77.0,29,75,9.22,broken clouds,2022-06-02 03:41:03
217,Godhra,IN,22.75,73.6333,91.6,36,94,12.3,overcast clouds,2022-06-02 03:45:38
218,Auki,SB,-8.7676,160.7034,81.28,80,98,2.57,overcast clouds,2022-06-02 03:45:39
219,Mehamn,NO,71.0357,27.8492,48.15,76,0,12.66,light rain,2022-06-02 03:45:40
220,Taizhou,CN,32.4933,119.9106,95.68,26,0,8.99,clear sky,2022-06-02 03:45:40
221,Moranbah,AU,-22.0016,148.0466,73.27,34,72,9.55,broken clouds,2022-06-02 03:45:41
222,Jacareacanga,BR,-6.2222,-57.7528,72.16,95,39,1.77,scattered clouds,2022-06-02 03:45:42
223,Oyem,GA,1.5995,11.5793,67.08,99,100,2.19,overcast clouds,2022-06-02 03:45:42
224,Noyabrsk,RU,63.1994,75.4507,34.21,55,98,21.74,overcast clouds,2022-06-02 03:45:43
225,Zabaykalsk,RU,49.6333,117.3167,70.0,25,48,10.18,scattered clouds,2022-06-02 03:45:43
226,Phan Thiet,VN,10.9333,108.1,86.52,71,74,8.79,broken clouds,2022-06-02 03:45:44
227,Gainesville,US,29.6516,-82.3248,75.09,83,0,0.0,clear sky,2022-06-02 03:42:10
228,Geraldton,AU,-28.7667,114.6,68.41,49,0,6.91,clear sky,2022-06-02 03:45:45
229,Poum,NC,-20.2333,164.0167,76.93,72,19,17.22,few clouds,2022-06-02 03:46:46
230,Tuatapere,NZ,-46.1333,167.6833,49.3,91,100,12.26,overcast clouds,2022-06-02 03:46:46
231,Zahir Pir,PK,28.8124,70.524,104.13,7,0,7.14,clear sky,2022-06-02 03:46:47
232,Torbay,CA,47.6666,-52.7314,43.29,96,100,18.41,light rain,2022-06-02 03:46:48
233,Knysna,ZA,-34.0363,23.0471,53.98,53,64,4.72,broken clouds,2022-06-02 03:46:49
234,Hudson Bay,CA,52.85,-102.3842,44.4,71,100,14.5,overcast clouds,2022-06-02 03:46:49
235,Sjovegan,NO,68.8726,17.8474,57.94,71,19,6.46,few clouds,2022-06-02 03:46:50
236,Vemalwada,IN,18.4667,78.8833,100.09,26,68,17.9,broken clouds,2022-06-02 03:46:50
237,Goderich,CA,43.7501,-81.7165,56.91,62,29,8.05,scattered clouds,2022-06-02 03:45:15
238,Siteki,SZ,-26.45,31.95,46.9,61,0,2.46,clear sky,2022-06-02 03:46:51
239,Zhaoyuan,CN,37.3592,120.3964,90.59,24,19,5.17,few clouds,2022-06-02 03:46:52
240,Waingapu,ID,-9.6567,120.2641,86.36,63,42,9.46,scattered clouds,2022-06-02 03:46:53
241,Vallenar,CL,-28.5708,-70.7581,49.91,86,100,2.39,overcast clouds,2022-06-02 03:46:53
242,Tarija,BO,-21.5355,-64.7296,42.71,75,71,5.75,broken clouds,2022-06-02 03:46:54
243,Cherskiy,RU,68.75,161.3,64.85,36,100,14.74,overcast clouds,2022-06-02 03:46:54
244,Frontera,MX,26.9333,-101.45,88.32,48,48,5.01,scattered clouds,2022-06-02 03:44:35
245,Rock Hill,US,34.9249,-81.0251,78.98,77,0,4.61,clear sky,2022-06-02 03:46:55
246,Macapa,BR,0.0389,-51.0664,80.58,94,0,2.3,clear sky,2022-06-02 03:45:21
247,Urumqi,CN,43.801,87.6005,70.75,35,20,6.71,few clouds,2022-06-02 03:46:56
248,Grand Falls,CA,47.0461,-67.7418,50.41,71,92,4.7,overcast clouds,2022-06-02 03:46:01
249,Chiredzi,ZW,-21.05,31.6667,53.2,91,1,3.42,clear sky,2022-06-02 03:46:58
250,Bressuire,FR,46.9167,-0.5,52.81,76,81,9.64,broken clouds,2022-06-02 03:46:58
251,Panzhihua,CN,26.5851,101.7128,84.83,59,37,3.85,scattered clouds,2022-06-02 03:46:59
252,Yumen,CN,40.2833,97.2,76.23,27,99,17.02,overcast clouds,2022-06-02 03:47:00
253,Cabedelo,BR,-6.9811,-34.8339,74.07,86,47,6.69,scattered clouds,2022-06-02 03:47:00
254,Solikamsk,RU,59.6196,56.7729,63.97,52,33,4.7,scattered clouds,2022-06-02 03:47:01
255,Maniitsoq,GL,65.4167,-52.9,37.98,66,34,6.15,scattered clouds,2022-06-02 03:47:02
256,Benguela,AO,-12.5763,13.4055,71.01,53,4,4.5,clear sky,2022-06-02 03:47:02
257,Cozumel,MX,20.5083,-86.9458,77.07,90,75,12.66,broken clouds,2022-06-02 03:45:03
258,Waukesha,US,43.0333,-88.3001,59.4,76,0,3.44,clear sky,2022-06-02 03:46:42
259,Fernie,CA,49.5,-115.0687,61.0,78,96,6.02,overcast clouds,2022-06-02 03:45:21
260,San Luis,AR,-33.295,-66.3356,39.88,61,7,6.29,clear sky,2022-06-02 03:46:09
261,San Patricio,US,28.017,-97.5169,82.29,79,8,11.59,clear sky,2022-06-02 03:47:05
262,Port Blair,IN,11.6667,92.75,86.04,74,75,9.22,broken clouds,2022-06-02 03:47:07
263,Nanortalik,GL,60.1432,-45.2371,39.25,88,100,4.7,light rain,2022-06-02 03:47:07
264,Sola,VU,-13.8833,167.55,83.07,84,75,0.0,broken clouds,2022-06-02 03:47:08
265,Walvis Bay,NA,-22.9575,14.5053,68.95,12,0,18.41,clear sky,2022-06-02 03:47:09
266,Bhag,PK,29.0415,67.8239,99.52,4,0,5.64,clear sky,2022-06-02 03:47:09
267,Khatanga,RU,71.9667,102.5,53.87,56,23,7.05,few clouds,2022-06-02 03:47:10
268,Douentza,ML,14.9951,-2.9517,92.79,21,10,5.75,clear sky,2022-06-02 03:47:11
269,Pierre,US,44.3683,-100.351,58.12,58,0,6.91,clear sky,2022-06-02 03:47:12
270,New Norfolk,AU,-42.7826,147.0587,51.89,65,89,3.29,overcast clouds,2022-06-02 03:47:13
271,Iskateley,RU,67.6803,53.1512,47.71,38,32,11.81,scattered clouds,2022-06-02 03:47:13
272,Sri Aman,MY,1.2376,111.4621,82.45,89,40,1.14,scattered clouds,2022-06-02 03:47:14
273,Tuensang,IN,26.2833,94.8333,74.8,95,88,1.68,overcast clouds,2022-06-02 03:47:15
274,Sorland,NO,67.667,12.6934,49.86,80,12,16.4,few clouds,2022-06-02 03:47:16
275,Brae,GB,60.3964,-1.353,49.24,90,100,15.73,overcast clouds,2022-06-02 03:48:16
276,Vila Velha,BR,-20.3297,-40.2925,70.95,97,0,3.44,clear sky,2022-06-02 03:43:42
277,Matadi,CD,-5.8167,13.45,71.08,97,72,1.54,broken clouds,2022-06-02 03:48:17
278,Ambikapur,IN,23.1167,83.2,99.68,12,33,6.55,scattered clouds,2022-06-02 03:48:18
279,Valley Station,US,38.1112,-85.8702,78.91,82,0,5.75,clear sky,2022-06-02 03:48:19
280,Gizo,SB,-8.103,156.8419,81.68,73,79,6.06,light rain,2022-06-02 03:48:19
281,Mataram,ID,-8.5833,116.1167,85.01,71,40,8.72,scattered clouds,2022-06-02 03:48:20
282,Kauswagan,PH,8.1917,124.0847,85.19,73,25,2.28,scattered clouds,2022-06-02 03:48:21
283,Grindavik,IS,63.8424,-22.4338,51.75,100,100,8.05,light intensity drizzle,2022-06-02 03:48:22
284,Padang,ID,-0.9492,100.3543,84.25,65,40,6.04,scattered clouds,2022-06-02 03:48:23
285,Kivertsi,UA,50.8343,25.4582,56.91,97,84,5.17,broken clouds,2022-06-02 03:48:23
286,Katangli,RU,51.7102,143.2326,43.77,79,97,17.83,overcast clouds,2022-06-02 03:48:24
287,Swanton,US,41.5887,-83.8911,67.95,94,0,6.91,clear sky,2022-06-02 03:48:25
288,Paamiut,GL,61.994,-49.6678,37.17,75,5,7.94,clear sky,2022-06-02 03:48:26
289,Tiksi,RU,71.6872,128.8694,34.66,84,74,8.03,broken clouds,2022-06-02 03:48:26
290,Foshan,CN,23.0268,113.1315,86.04,60,99,10.71,overcast clouds,2022-06-02 03:45:32
291,Arteaga,MX,18.4667,-102.4167,63.52,92,45,4.68,scattered clouds,2022-06-02 03:48:27
292,Cuamba,MZ,-14.8031,36.5372,61.39,87,99,6.85,light rain,2022-06-02 03:48:28
293,Sabak,MY,3.7675,100.9875,89.96,56,75,2.21,broken clouds,2022-06-02 03:48:29
294,Korem,ET,12.5058,39.5228,62.53,32,8,1.5,clear sky,2022-06-02 03:48:29
295,Rawson,AR,-43.3002,-65.1023,43.66,77,73,8.43,broken clouds,2022-06-02 03:48:30
296,Isangel,VU,-19.55,169.2667,86.11,74,75,6.91,broken clouds,2022-06-02 03:48:30
297,Husavik,IS,66.0449,-17.3389,46.83,89,100,1.19,overcast clouds,2022-06-02 03:48:31
298,Kelo,TD,9.3086,15.8066,79.21,62,18,5.14,few clouds,2022-06-02 03:48:32
299,Petatlan,MX,17.5167,-101.2667,78.58,82,100,2.89,overcast clouds,2022-06-02 03:48:32
300,Rehoboth,NA,-23.3167,17.0833,39.9,31,0,4.14,clear sky,2022-06-02 03:48:33
301,Cabo San Lucas,MX,22.8909,-109.9124,74.61,70,61,11.7,broken clouds,2022-06-02 03:46:10
302,Gazli,UZ,40.1333,63.45,89.37,14,0,6.51,clear sky,2022-06-02 03:48:34
303,Pochutla,MX,15.7432,-96.4661,73.81,79,96,3.56,overcast clouds,2022-06-02 03:48:34
304,Chake Chake,TZ,-5.2459,39.7666,74.71,83,56,12.3,light rain,2022-06-02 03:48:35
305,Zinder,NE,13.8072,8.9881,80.46,16,4,6.4,clear sky,2022-06-02 03:48:36
306,Mahanoro,MG,-19.9,48.8,64.96,81,0,5.44,clear sky,2022-06-02 03:48:37
307,Vila,PT,42.0304,-8.1588,50.88,93,80,3.87,broken clouds,2022-06-02 03:48:37
308,Dalbandin,PK,28.8947,64.4101,86.09,10,0,15.93,clear sky,2022-06-02 03:44:32
309,Laela,TZ,-8.5667,32.05,58.26,73,100,7.83,overcast clouds,2022-06-02 03:48:38
310,Tanete,ID,-3.9443,119.7848,89.01,61,11,8.34,few clouds,2022-06-02 03:48:39
311,Oyama,JP,36.3,139.8,81.59,34,24,8.79,few clouds,2022-06-02 03:48:39
312,Plettenberg Bay,ZA,-34.0527,23.3716,54.75,56,87,5.64,overcast clouds,2022-06-02 03:48:40
313,Coihaique,CL,-45.5752,-72.0662,21.81,93,20,1.14,few clouds,2022-06-02 03:48:41
314,Saskylakh,RU,71.9167,114.0833,39.61,99,88,6.38,overcast clouds,2022-06-02 03:48:41
315,Lavrentiya,RU,65.5833,-171.0,42.85,77,56,5.82,broken clouds,2022-06-02 03:48:42
316,Mareeba,AU,-17.0,145.4333,80.47,64,55,6.67,broken clouds,2022-06-02 03:48:43
317,Portland,US,45.5234,-122.6762,73.98,63,75,9.22,broken clouds,2022-06-02 03:48:43
318,Bogorodskoye,RU,56.55,37.8833,58.41,90,50,8.79,scattered clouds,2022-06-02 03:48:44
319,Isla Vista,US,34.4133,-119.861,78.35,55,0,4.32,clear sky,2022-06-02 03:48:44
320,Palmerston,AU,-12.486,130.9833,90.9,59,75,11.5,broken clouds,2022-06-02 03:48:45
321,Mount Gambier,AU,-37.8333,140.7667,50.9,62,100,8.01,overcast clouds,2022-06-02 03:48:46
322,Mandalgovi,MN,45.7625,106.2708,81.25,14,100,16.44,overcast clouds,2022-06-02 03:49:46
323,Khasan,RU,42.4308,130.6434,54.14,95,98,8.25,light rain,2022-06-02 03:49:47
324,Olga,RU,43.7444,135.2892,48.33,98,100,9.93,light rain,2022-06-02 03:49:48
325,Abu Kamal,SY,34.4506,40.9171,90.25,11,1,5.64,clear sky,2022-06-02 03:49:48
326,Santa Cruz Cabralia,BR,-16.2781,-39.0247,71.83,100,40,2.3,scattered clouds,2022-06-02 03:45:42
327,Lagoa,PT,39.05,-27.9833,60.82,87,100,5.95,overcast clouds,2022-06-02 03:49:49
328,Vajszlo,HU,45.8596,17.9841,64.29,95,14,5.79,few clouds,2022-06-02 03:49:50
329,Moreira Sales,BR,-24.0622,-53.0069,59.85,99,99,5.08,moderate rain,2022-06-02 03:49:51
330,Rantauprapat,ID,2.1,99.8333,91.8,46,48,0.67,scattered clouds,2022-06-02 03:49:52
331,Klaksvik,FO,62.2266,-6.589,43.72,90,39,11.01,scattered clouds,2022-06-02 03:49:52
332,Naze,JP,28.3667,129.4833,72.52,85,100,4.45,light rain,2022-06-02 03:49:53
333,Fasa,IR,28.9383,53.6482,67.24,18,0,4.61,clear sky,2022-06-02 03:49:53
334,Kembe,CF,4.6228,21.8865,68.31,99,100,1.01,moderate rain,2022-06-02 03:49:54
335,Lata,PT,40.1629,-8.3327,59.07,91,17,4.34,few clouds,2022-06-02 03:49:55
336,Sisimiut,GL,66.9395,-53.6735,38.93,63,22,8.7,few clouds,2022-06-02 03:49:56
337,Fortuna,US,40.5982,-124.1573,55.92,93,100,3.44,overcast clouds,2022-06-02 03:47:55
338,Hami,CN,42.8,93.45,79.88,26,8,3.94,clear sky,2022-06-02 03:49:57
339,Montepuez,MZ,-13.1256,38.9997,58.8,97,18,8.12,few clouds,2022-06-02 03:49:58
340,Muli,MV,2.9167,73.5667,83.84,70,89,15.48,overcast clouds,2022-06-02 03:49:59
341,Melilla,ES,35.2937,-2.9383,71.98,64,0,6.91,clear sky,2022-06-02 03:49:54
342,Anadyr,RU,64.75,177.4833,50.5,53,45,11.18,fog,2022-06-02 03:50:00
343,Chapeco,BR,-27.0964,-52.6183,51.55,100,100,4.61,fog,2022-06-02 03:50:00
344,Upernavik,GL,72.7868,-56.1549,22.57,81,3,5.26,clear sky,2022-06-02 03:50:01
345,Yerbogachen,RU,61.2767,108.0108,64.35,35,76,9.55,broken clouds,2022-06-02 03:50:02
346,Oshakati,NA,-17.7833,15.6833,46.42,18,62,13.33,broken clouds,2022-06-02 03:50:03
347,Tazovskiy,RU,67.4667,78.7,31.62,72,100,18.7,overcast clouds,2022-06-02 03:50:04
348,Carutapera,BR,-1.195,-46.02,75.45,92,99,4.74,overcast clouds,2022-06-02 03:50:04
349,Henties Bay,NA,-22.116,14.2845,67.17,22,0,13.38,clear sky,2022-06-02 03:50:05
350,Wanning,CN,18.8003,110.3967,88.23,70,64,14.74,broken clouds,2022-06-02 03:50:06
351,Iaciara,BR,-14.0958,-46.6317,65.12,55,6,2.13,clear sky,2022-06-02 03:50:07
352,Avera,US,33.194,-82.5271,76.51,55,0,6.35,clear sky,2022-06-02 03:50:08
353,Matozinhos,BR,-19.5578,-44.0814,66.63,77,0,5.75,clear sky,2022-06-02 03:50:09
354,Owo,NG,7.1962,5.5868,70.43,99,94,1.74,overcast clouds,2022-06-02 03:50:10
355,Tolaga Bay,NZ,-38.3667,178.3,60.76,89,28,15.55,scattered clouds,2022-06-02 03:50:10
356,Hobyo,SO,5.3505,48.5268,78.96,78,89,23.42,overcast clouds,2022-06-02 03:50:12
357,Olenegorsk,RU,68.15,33.3,56.37,59,54,2.84,broken clouds,2022-06-02 03:50:13
358,Qaqortoq,GL,60.7167,-46.0333,38.73,80,100,0.96,overcast clouds,2022-06-02 03:50:13
359,Tecoanapa,MX,16.5167,-98.75,80.58,72,60,5.28,broken clouds,2022-06-02 03:50:14
360,Elizabeth City,US,36.2946,-76.2511,82.42,75,0,1.01,clear sky,2022-06-02 03:50:14
361,Bastia,FR,42.6667,9.3333,67.3,90,20,3.44,few clouds,2022-06-02 03:50:15
362,Markapur,IN,15.7333,79.2833,96.19,37,100,13.56,overcast clouds,2022-06-02 03:50:16
363,Lasa,IT,46.6166,10.7002,56.28,87,75,2.51,broken clouds,2022-06-02 03:50:16
364,Roebourne,AU,-20.7833,117.1333,71.53,52,5,8.52,clear sky,2022-06-02 03:50:17
365,Galbshtadt,RU,53.2264,78.9845,56.7,48,4,14.56,clear sky,2022-06-02 03:51:18
366,Pervoye Maya,RU,56.164,44.7196,59.18,93,99,1.97,overcast clouds,2022-06-02 03:51:18
367,Natal,BR,-5.795,-35.2094,75.42,100,75,4.61,light rain,2022-06-02 03:51:19
368,Kodiak,US,57.79,-152.4072,53.11,66,100,5.75,overcast clouds,2022-06-02 03:51:20
369,Dawlatabad,AF,36.4141,64.9053,84.72,16,0,3.36,clear sky,2022-06-02 03:51:20
370,Port Shepstone,ZA,-30.7414,30.455,56.57,54,0,7.72,clear sky,2022-06-02 03:51:21
371,Agirish,RU,61.9247,63.0231,57.31,37,38,5.01,scattered clouds,2022-06-02 03:51:22
372,Sydney,AU,-33.8679,151.2073,63.36,57,75,10.0,broken clouds,2022-06-02 03:51:22
373,Bilibino,RU,68.0546,166.4372,63.16,31,100,17.47,overcast clouds,2022-06-02 03:51:23
374,Ust-Tsilma,RU,65.441,52.1498,58.5,33,61,5.86,broken clouds,2022-06-02 03:51:24
375,Port Said,EG,31.2565,32.2841,71.58,88,0,6.91,clear sky,2022-06-02 03:51:24
376,Udachnyy,RU,66.4167,112.4,64.45,31,39,16.2,scattered clouds,2022-06-02 03:51:25
377,Myski,RU,53.709,87.8014,44.92,97,100,15.3,moderate rain,2022-06-02 03:51:25
378,Broken Hill,AU,-31.95,141.4333,55.29,43,99,6.71,overcast clouds,2022-06-02 03:51:26
379,Coquimbo,CL,-29.9533,-71.3436,53.33,76,100,2.3,overcast clouds,2022-06-02 03:51:27
380,San Joaquin,US,37.9333,-121.3011,86.25,21,0,11.5,clear sky,2022-06-02 03:51:27
381,Tetouan,MA,35.5711,-5.3724,65.17,63,0,1.14,clear sky,2022-06-02 03:51:28
382,Batagay,RU,67.6333,134.6333,54.48,64,100,3.8,overcast clouds,2022-06-02 03:51:28
383,Krasnyy Chikoy,RU,50.3643,108.7512,80.55,26,100,6.42,overcast clouds,2022-06-02 03:51:29
384,Faanui,PF,-16.4833,-151.75,78.22,77,16,10.89,light rain,2022-06-02 03:51:30
385,Takoradi,GH,4.8845,-1.7554,77.81,88,64,5.12,broken clouds,2022-06-02 03:51:30
386,Dicabisagan,PH,17.0818,122.4157,90.01,62,37,12.12,scattered clouds,2022-06-02 03:51:31
387,Port Keats,AU,-14.25,129.55,85.57,65,19,7.72,few clouds,2022-06-02 03:47:38
388,Akureyri,IS,65.6835,-18.0878,44.53,93,75,3.44,broken clouds,2022-06-02 03:47:29
389,Comodoro Rivadavia,AR,-45.8667,-67.5,39.06,75,0,5.75,clear sky,2022-06-02 03:51:33
390,Manggar,ID,-2.8833,108.2667,86.43,66,77,10.42,broken clouds,2022-06-02 03:51:33
391,Ulladulla,AU,-35.35,150.4667,57.78,49,100,2.1,overcast clouds,2022-06-02 03:51:34
392,Zhanakorgan,KZ,43.9098,67.2495,82.71,22,7,8.66,clear sky,2022-06-02 03:51:35
393,Bandarbeyla,SO,9.4942,50.8122,81.91,65,19,24.96,few clouds,2022-06-02 03:51:35
394,Shar,KZ,49.5886,81.0453,59.59,43,83,20.6,broken clouds,2022-06-02 03:51:36
395,New Glasgow,CA,45.5834,-62.6486,49.78,86,9,11.03,clear sky,2022-06-02 03:48:14
396,La Romana,DO,18.4273,-68.9728,75.56,94,20,0.0,few clouds,2022-06-02 03:51:37
397,Khorixas,NA,-20.3667,14.9667,52.12,13,0,12.86,clear sky,2022-06-02 03:51:37
398,Taguatinga,BR,-12.3857,-46.5711,74.43,44,47,5.91,scattered clouds,2022-06-02 03:51:38
399,Nyurba,RU,63.2842,118.3319,64.85,43,59,5.08,broken clouds,2022-06-02 03:51:39
400,Bandar-E Lengeh,IR,26.5579,54.8807,87.91,70,0,4.61,clear sky,2022-06-02 03:51:39
401,Ilhabela,BR,-23.7781,-45.3581,69.87,95,100,2.06,overcast clouds,2022-06-02 03:51:40
402,Gamba,GA,-2.65,10.0,71.73,91,43,2.64,scattered clouds,2022-06-02 03:51:40
403,Loukhi,RU,66.0764,33.0381,58.17,66,34,6.2,scattered clouds,2022-06-02 03:51:41
404,Ossora,RU,59.2353,163.0719,46.4,62,0,4.9,clear sky,2022-06-02 03:51:42
405,Port-Gentil,GA,-0.7193,8.7815,75.4,89,59,10.04,broken clouds,2022-06-02 03:51:42
406,Kalabo,ZM,-14.97,22.6814,48.7,75,18,5.48,few clouds,2022-06-02 03:51:43
407,Pueblo,US,38.2545,-104.6091,54.36,82,100,8.05,overcast clouds,2022-06-02 03:51:15
408,Ilulissat,GL,69.2167,-51.1,22.64,81,7,6.64,clear sky,2022-06-02 03:51:44
409,Mandera,KE,3.9366,41.867,75.85,70,43,13.11,scattered clouds,2022-06-02 03:51:45
410,Teahupoo,PF,-17.8333,-149.2667,73.36,77,92,17.0,overcast clouds,2022-06-02 03:51:46
411,Zaysan,KZ,47.4667,84.8667,58.03,54,87,9.08,overcast clouds,2022-06-02 03:51:46
412,Pisco,PE,-13.7,-76.2167,61.02,82,85,3.44,overcast clouds,2022-06-02 03:51:47
413,Dillon,US,34.4166,-79.3712,82.74,68,20,5.7,few clouds,2022-06-02 03:51:31
414,Dharmabad,IN,18.9,77.85,98.42,22,91,17.72,overcast clouds,2022-06-02 03:52:48
415,Shache,CN,38.4167,77.2406,80.56,11,100,18.52,overcast clouds,2022-06-02 03:52:48
416,Sicuani,PE,-14.2694,-71.2261,42.4,81,98,3.06,overcast clouds,2022-06-02 03:52:49
417,Grevesmuhlen,DE,53.8667,11.1833,46.83,90,69,9.8,broken clouds,2022-06-02 03:52:50
418,Nabire,ID,-3.3667,135.4833,86.92,61,8,5.88,clear sky,2022-06-02 03:52:50
419,Kuito,AO,-12.3833,16.9333,45.63,73,0,4.0,clear sky,2022-06-02 03:52:51
420,Ilheus,BR,-14.7889,-39.0494,70.77,94,39,5.03,scattered clouds,2022-06-02 03:52:52
421,Hailar,CN,49.2,119.7,72.37,24,60,10.42,broken clouds,2022-06-02 03:52:52
422,Prince Rupert,CA,54.3161,-130.3201,58.69,79,75,2.3,broken clouds,2022-06-02 03:50:09
423,Ponnani,IN,10.767,75.9252,83.52,69,20,3.69,few clouds,2022-06-02 03:52:53
424,Suba,PH,10.8438,121.0102,84.0,69,37,5.57,scattered clouds,2022-06-02 03:52:54
425,Katobu,ID,-4.9408,122.5276,87.76,61,25,1.25,scattered clouds,2022-06-02 03:52:54
426,Zhigansk,RU,66.7697,123.3711,56.35,62,80,10.6,broken clouds,2022-06-02 03:52:55
427,Palmer,US,42.1584,-72.3287,57.61,82,100,6.91,overcast clouds,2022-06-02 03:51:13
428,Constantine,DZ,36.365,6.6147,75.16,35,51,6.04,broken clouds,2022-06-02 03:52:56
429,Yar-Sale,RU,66.8333,70.8333,33.4,52,51,25.7,broken clouds,2022-06-02 03:52:57
430,Tual,ID,-5.6667,132.75,84.24,72,85,13.82,overcast clouds,2022-06-02 03:52:57
431,Amalapuram,IN,16.5833,82.0167,98.02,41,100,7.02,overcast clouds,2022-06-02 03:52:58
432,Labuhan,ID,-6.8844,112.2051,85.66,63,18,5.48,few clouds,2022-06-02 03:52:59
433,Wabrzezno,PL,53.2799,18.9477,50.07,92,61,6.35,broken clouds,2022-06-02 03:52:59
434,Presidente Medici,BR,-11.1753,-61.9014,72.99,76,8,0.83,clear sky,2022-06-02 03:53:00
435,Sao Jose Da Coroa Grande,BR,-8.8978,-35.1478,75.34,87,32,3.09,scattered clouds,2022-06-02 03:53:01
436,Amurzet,RU,47.6967,131.0981,54.81,89,100,11.61,overcast clouds,2022-06-02 03:53:01
437,Kaseda,JP,31.4167,130.3167,72.52,64,100,3.98,overcast clouds,2022-06-02 03:53:03
438,San Quintin,MX,30.4833,-115.95,61.0,85,0,4.16,clear sky,2022-06-02 03:53:03
439,Lufilufi,WS,-13.8745,-171.5986,91.18,74,22,9.55,few clouds,2022-06-02 03:53:04
440,Meulaboh,ID,4.1363,96.1285,78.55,83,100,1.39,overcast clouds,2022-06-02 03:53:05
441,Coos Bay,US,43.3665,-124.2179,57.31,94,100,10.36,overcast clouds,2022-06-02 03:50:24
442,Camocim,BR,-2.9022,-40.8411,74.68,92,99,8.25,overcast clouds,2022-06-02 03:53:06
443,Alcudia,ES,39.8532,3.1214,69.19,76,23,8.25,few clouds,2022-06-02 03:53:07
444,Espirito Santo Do Pinhal,BR,-22.1158,-46.6828,64.56,73,77,4.52,broken clouds,2022-06-02 03:53:08
445,Yurga,RU,55.7231,84.8861,44.92,82,100,17.67,overcast clouds,2022-06-02 03:53:08
446,Lae,PG,-6.7221,146.9847,88.47,63,19,7.78,few clouds,2022-06-02 03:53:09
447,Bafq,IR,31.6128,55.4107,80.24,10,0,3.65,clear sky,2022-06-02 03:53:10
448,Mawlaik,MM,23.6333,94.4167,82.63,84,98,1.1,heavy intensity rain,2022-06-02 03:53:10
449,Chapais,CA,49.7834,-74.8492,47.98,96,100,7.85,overcast clouds,2022-06-02 03:53:11
450,Phetchabun,TH,16.25,101.0833,89.87,65,100,5.26,light rain,2022-06-02 03:53:11
451,Nakamura,JP,32.9833,132.9333,77.58,53,4,6.38,clear sky,2022-06-02 03:53:12
452,Brewster,US,41.3973,-73.6171,62.31,95,75,5.75,broken clouds,2022-06-02 03:53:13
453,Bilma,NE,18.6853,12.9164,83.34,11,1,7.27,clear sky,2022-06-02 03:53:13
454,Boffa,GN,10.1667,-14.0333,76.5,86,94,1.63,overcast clouds,2022-06-02 03:53:14
455,Port-Cartier,CA,50.0334,-66.8654,52.02,63,6,8.3,clear sky,2022-06-02 03:52:16
456,Kokoda,PG,-8.8785,147.7407,87.73,57,10,5.59,clear sky,2022-06-02 03:53:15
457,Ape,LV,57.5393,26.6929,51.71,93,94,10.92,overcast clouds,2022-06-02 03:53:16
458,Chokwe,MZ,-24.5333,32.9833,54.05,69,0,5.75,clear sky,2022-06-02 03:53:16
459,Blackwater,AU,-23.5833,148.8833,70.65,37,24,2.8,few clouds,2022-06-02 03:54:17
460,Los Llanos De Aridane,ES,28.6585,-17.9182,64.15,86,20,8.01,few clouds,2022-06-02 03:54:18
461,Mwinilunga,ZM,-11.7358,24.4293,51.08,74,0,8.03,clear sky,2022-06-02 03:54:19
462,Katsuura,JP,35.1333,140.3,72.88,63,0,9.17,clear sky,2022-06-02 03:54:19
463,Douglas,US,41.3,-96.167,61.68,50,0,5.75,clear sky,2022-06-02 03:50:42
464,Nizwa,OM,22.9333,57.5333,84.6,40,1,1.48,clear sky,2022-06-02 03:54:21
465,Lewistown,US,40.5992,-77.5714,71.01,100,40,0.0,scattered clouds,2022-06-02 03:54:21
466,Mackay,AU,-21.15,149.2,77.68,60,57,10.4,broken clouds,2022-06-02 03:54:23
467,Jardim,BR,-21.4803,-56.1381,55.78,97,97,5.21,overcast clouds,2022-06-02 03:54:23
468,Hasaki,JP,35.7333,140.8333,82.29,59,0,11.74,clear sky,2022-06-02 03:54:24
469,Jumla,NP,29.2747,82.1838,70.34,32,1,6.22,clear sky,2022-06-02 03:54:24
470,San Rafael,AR,-34.6177,-68.3301,37.9,56,15,2.24,few clouds,2022-06-02 03:54:25
471,Marawi,PH,7.9986,124.2928,78.67,80,17,1.48,few clouds,2022-06-02 03:54:26
472,Tilichiki,RU,60.4667,166.1,49.68,56,4,9.22,clear sky,2022-06-02 03:54:27
473,Camana,PE,-16.6228,-72.7111,62.35,88,88,10.4,overcast clouds,2022-06-02 03:54:28
474,Lucapa,AO,-8.4192,20.7447,60.08,52,8,5.59,clear sky,2022-06-02 03:54:28
475,Richards Bay,ZA,-28.783,32.0377,56.59,57,0,4.94,clear sky,2022-06-02 03:54:29
476,Santa Cruz Del Sur,CU,20.7147,-77.9956,78.35,80,100,3.36,overcast clouds,2022-06-02 03:54:30
477,Xining,CN,36.6167,101.7667,74.68,29,59,6.13,broken clouds,2022-06-02 03:54:30
478,Amnat Charoen,TH,15.9167,104.75,89.74,57,100,9.48,overcast clouds,2022-06-02 03:54:31
479,Cabo Rojo,PR,18.0866,-67.1457,79.68,87,100,7.92,overcast clouds,2022-06-02 03:54:31
480,Hovd,MN,48.0056,91.6419,65.48,19,22,15.35,few clouds,2022-06-02 03:54:32
481,Mercedes,AR,-34.6515,-59.4307,36.03,63,3,2.15,clear sky,2022-06-02 03:54:33
482,Semey,KZ,50.4111,80.2275,61.02,39,40,15.66,scattered clouds,2022-06-02 03:54:33
483,Shirokiy,RU,49.758,129.523,53.87,89,100,8.03,overcast clouds,2022-06-02 03:54:34
484,Macau,MO,22.2006,113.5461,87.6,94,40,9.22,heavy intensity rain,2022-06-02 03:54:35
485,Shenjiamen,CN,29.9576,122.298,72.07,90,79,9.84,broken clouds,2022-06-02 03:54:36
486,Hay River,CA,60.8156,-115.7999,57.18,41,40,9.22,scattered clouds,2022-06-02 03:50:58
487,Tamiahua,MX,21.2667,-97.45,78.8,85,0,7.61,clear sky,2022-06-02 03:54:37
488,Dickinson,US,29.4608,-95.0513,82.94,86,22,1.01,few clouds,2022-06-02 03:54:38
489,Broome,US,42.2506,-75.833,68.02,90,100,5.75,fog,2022-06-02 03:54:38
490,Sabha,LY,27.0377,14.4283,78.55,16,0,11.74,clear sky,2022-06-02 03:54:39
491,Norman Wells,CA,65.282,-126.8329,71.64,37,75,2.3,broken clouds,2022-06-02 03:54:40
492,Sulphur Springs,US,33.1385,-95.6011,76.95,83,75,0.0,broken clouds,2022-06-02 03:54:40
493,Bambanglipuro,ID,-7.95,110.2833,83.48,72,20,6.42,few clouds,2022-06-02 03:54:41
494,Lamut,PH,16.6491,121.2247,92.64,49,41,4.05,scattered clouds,2022-06-02 03:54:42
495,Gashua,NG,12.871,11.0482,79.7,30,8,5.39,clear sky,2022-06-02 03:54:42
496,Devonport,AU,-41.1667,146.35,51.1,63,76,5.14,broken clouds,2022-06-02 03:54:43
497,Trairi,BR,-3.2778,-39.2689,73.81,93,100,5.32,overcast clouds,2022-06-02 03:50:27
498,Buin,CL,-33.7333,-70.75,50.74,89,100,2.86,overcast clouds,2022-06-02 03:54:44
499,Yekepa,LR,7.5753,-8.5419,68.38,100,74,1.68,broken clouds,2022-06-02 03:54:44
500,Wanaka,NZ,-44.7,169.15,55.11,74,99,4.0,overcast clouds,2022-06-02 03:54:45
501,Samarai,PG,-10.6167,150.6667,82.0,74,69,11.18,broken clouds,2022-06-02 03:54:46
502,Calvia,ES,39.5657,2.5062,67.91,58,43,4.99,scattered clouds,2022-06-02 03:54:46
503,Coahuayana,MX,18.7333,-103.6833,74.46,83,64,1.9,broken clouds,2022-06-02 03:55:47
504,Saint-Ambroise,CA,48.5501,-71.3324,56.8,58,100,4.61,overcast clouds,2022-06-02 03:55:47
505,Santa Cruz De Tenerife,ES,28.4682,-16.2546,68.72,89,40,6.91,scattered clouds,2022-06-02 03:55:48
506,Nampula,MZ,-15.1165,39.2666,64.35,88,75,10.36,broken clouds,2022-06-02 03:55:49
507,Sibolga,ID,1.7427,98.7792,84.52,65,26,6.29,light rain,2022-06-02 03:55:50
508,Black Forest,US,39.0131,-104.7008,46.02,90,100,3.44,overcast clouds,2022-06-02 03:55:50
509,Piacabucu,BR,-10.4056,-36.4344,75.06,87,52,2.46,light rain,2022-06-02 03:55:51
510,Hangal,IN,14.7667,75.1333,81.59,65,41,9.48,scattered clouds,2022-06-02 03:55:51
511,Ranong,TH,9.9658,98.6348,80.53,79,100,8.93,overcast clouds,2022-06-02 03:55:52
512,Byron Bay,AU,-28.65,153.6167,63.95,57,24,6.06,few clouds,2022-06-02 03:55:53
513,Boa Vista,BR,2.8197,-60.6733,80.58,78,0,2.3,clear sky,2022-06-02 03:55:53
514,Uige,AO,-7.6087,15.0613,62.92,52,4,3.51,clear sky,2022-06-02 03:55:54
515,Taltal,CL,-25.4,-70.4833,56.16,75,4,3.06,clear sky,2022-06-02 03:55:55
516,Rantepao,ID,-2.9701,119.8978,83.43,55,13,4.09,few clouds,2022-06-02 03:55:55
517,Faya,SA,18.3851,42.4509,64.51,20,2,6.44,clear sky,2022-06-02 03:55:56
518,Babu,CN,24.4167,111.5167,86.16,75,93,4.74,overcast clouds,2022-06-02 03:55:57
519,Nuuk,GL,64.1835,-51.7216,40.87,65,33,8.01,scattered clouds,2022-06-02 03:55:58
520,Geri,CY,35.1,33.4167,66.33,77,0,6.91,clear sky,2022-06-02 03:55:58
521,Westport,US,41.1415,-73.3579,61.29,95,75,8.05,light rain,2022-06-02 03:52:44
522,Lebanon,US,36.2081,-86.2911,79.56,82,100,5.41,overcast clouds,2022-06-02 03:55:59
523,Santana Do Livramento,BR,-30.8908,-55.5328,36.77,86,0,6.42,clear sky,2022-06-02 03:53:21
524,Turayf,SA,31.6725,38.6637,79.05,18,0,18.41,clear sky,2022-06-02 03:56:00
525,Laguna,US,38.421,-121.4238,84.34,31,40,3.0,scattered clouds,2022-06-02 03:56:01
526,Baykit,RU,61.67,96.37,57.87,48,100,5.55,overcast clouds,2022-06-02 03:56:02
527,Ambatofinandrahana,MG,-20.55,46.8,47.41,67,0,2.62,clear sky,2022-06-02 03:56:02
528,Vrangel,RU,42.7297,133.0839,54.55,84,77,11.95,moderate rain,2022-06-02 03:56:03
529,Dehloran,IR,32.6941,47.2679,98.82,7,0,5.06,clear sky,2022-06-02 03:56:04
530,Araouane,ML,18.9048,-3.5265,93.09,11,100,12.62,overcast clouds,2022-06-02 03:56:04
531,Verkhoyansk,RU,67.5447,133.385,51.71,64,100,2.62,overcast clouds,2022-06-02 03:56:05
532,Felanitx,ES,39.4696,3.1483,67.95,60,8,6.44,clear sky,2022-06-02 03:56:05
533,Inhambane,MZ,-23.865,35.3833,62.58,93,40,3.44,scattered clouds,2022-06-02 03:56:06
534,Lahaina,US,20.8783,-156.6825,78.94,87,31,8.84,scattered clouds,2022-06-02 03:56:07
535,Chernyy Yar,RU,48.0624,46.1091,72.14,43,62,14.14,broken clouds,2022-06-02 03:56:07
536,Kieta,PG,-6.2167,155.6333,81.59,78,100,4.85,light rain,2022-06-02 03:56:08
537,Altay,CN,47.8667,88.1167,58.57,59,39,13.67,scattered clouds,2022-06-02 03:56:09
538,Warrington,GB,53.3925,-2.5802,49.33,91,10,5.75,clear sky,2022-06-02 03:56:09
539,Naziya,RU,59.8,31.3833,57.54,1,100,10.45,overcast clouds,2022-06-02 03:56:10
540,Barcelos,PT,41.5388,-8.6151,62.74,90,98,4.61,overcast clouds,2022-06-02 03:56:11
541,Marsh Harbour,BS,26.5412,-77.0636,77.68,73,11,1.12,few clouds,2022-06-02 03:56:11
542,Sembe,CG,1.6481,14.5806,70.02,99,100,0.85,light rain,2022-06-02 03:56:12
543,Bida,NG,9.0833,6.0167,77.07,77,54,3.91,broken clouds,2022-06-02 03:56:13
544,Sur,OM,22.5667,59.5289,89.4,42,31,6.4,scattered clouds,2022-06-02 03:56:13
545,Launceston,AU,-41.45,147.1667,51.62,58,40,6.91,scattered clouds,2022-06-02 03:56:14
546,Athabasca,CA,54.7169,-113.2854,63.01,53,4,2.21,clear sky,2022-06-02 03:56:15
547,Ferme-Neuve,CA,46.7001,-75.4493,54.68,97,100,4.43,overcast clouds,2022-06-02 03:56:15
548,Grand Gaube,MU,-20.0064,57.6608,72.37,77,4,4.0,clear sky,2022-06-02 03:56:16
549,Xiaoyi,CN,34.6178,109.703,95.76,26,83,3.51,broken clouds,2022-06-02 03:56:17
550,Rio Gallegos,AR,-51.6226,-69.2181,23.05,93,0,9.22,clear sky,2022-06-02 03:51:37
551,Srednekolymsk,RU,67.45,153.6833,72.18,37,99,11.45,overcast clouds,2022-06-02 03:57:18
552,Fort Nelson,CA,58.8053,-122.7002,71.19,28,40,9.22,scattered clouds,2022-06-02 03:57:18
553,Maragogi,BR,-9.0122,-35.2225,74.43,89,39,3.85,scattered clouds,2022-06-02 03:57:19
554,Kargasok,RU,59.0556,80.8572,41.59,51,57,18.19,broken clouds,2022-06-02 03:57:20
555,Staryy Nadym,RU,65.6118,72.6842,34.66,43,69,26.08,broken clouds,2022-06-02 03:57:21
556,Nantucket,US,41.2835,-70.0995,57.31,83,100,11.18,overcast clouds,2022-06-02 03:55:18
557,Celestun,MX,20.8667,-90.4,75.58,89,100,12.46,overcast clouds,2022-06-02 03:57:23
558,Port Lincoln,AU,-34.7333,135.8667,58.73,49,100,12.06,overcast clouds,2022-06-02 03:57:23
559,Pirawa,IN,24.1551,76.0273,100.02,17,4,16.22,clear sky,2022-06-02 03:57:24
560,Sussex,US,41.1834,-74.6663,62.67,84,100,0.0,overcast clouds,2022-06-02 03:57:25
561,Sarahan,IN,31.5167,77.8,72.01,21,2,4.59,clear sky,2022-06-02 03:57:25
562,Kokkola,FI,63.8385,23.1307,51.93,92,0,4.61,clear sky,2022-06-02 03:57:26
563,Sistranda,NO,63.7256,8.834,51.76,93,100,3.83,overcast clouds,2022-06-02 03:57:27
564,Moose Factory,CA,51.2585,-80.6094,50.0,81,0,2.3,clear sky,2022-06-02 03:57:27
565,Sapa,PH,5.1544,120.3241,85.62,66,92,8.14,overcast clouds,2022-06-02 03:57:28
566,Stornoway,GB,58.2093,-6.3865,39.16,100,20,0.0,few clouds,2022-06-02 03:57:29
567,Bireun,ID,5.203,96.7009,81.64,67,100,1.54,overcast clouds,2022-06-02 03:57:29
568,Ust-Kuyga,RU,70.0167,135.6,42.35,73,21,4.21,few clouds,2022-06-02 03:57:30
569,Oistins,BB,13.0667,-59.5333,80.69,78,20,14.97,few clouds,2022-06-02 03:57:30
570,Jijiga,ET,9.35,42.8,63.43,75,33,14.88,scattered clouds,2022-06-02 03:57:31
571,Mount Isa,AU,-20.7333,139.5,80.37,28,40,10.36,scattered clouds,2022-06-02 03:57:32
572,Webuye,KE,0.6075,34.7697,57.51,85,76,5.37,broken clouds,2022-06-02 03:57:32
573,Diphu,IN,25.8333,93.4333,83.89,86,56,3.53,broken clouds,2022-06-02 03:57:33
574,Berlevag,NO,70.8578,29.0864,49.8,87,100,5.75,overcast clouds,2022-06-02 03:57:34
575,Naryan-Mar,RU,67.6713,53.087,47.93,38,37,11.81,scattered clouds,2022-06-02 03:57:34
576,Riyadh,SA,24.6877,46.7219,77.14,10,0,5.77,clear sky,2022-06-02 03:57:35
577,Xichang,CN,27.8964,102.2634,78.8,70,62,2.82,broken clouds,2022-06-02 03:57:36
578,Awbari,LY,26.5921,12.7805,79.03,17,0,12.41,clear sky,2022-06-02 03:57:36
579,Kenai,US,60.5544,-151.2583,70.03,51,3,5.97,clear sky,2022-06-02 03:57:37
580,Omboue,GA,-1.5746,9.2618,72.59,94,33,4.59,light rain,2022-06-02 03:57:37
581,Zeya,RU,53.75,127.2667,49.55,90,99,5.17,overcast clouds,2022-06-02 03:57:38
582,Brigantine,US,39.4101,-74.3646,65.03,98,52,3.62,broken clouds,2022-06-02 03:54:30
583,Miri,MY,4.4148,114.0089,78.94,94,40,3.44,scattered clouds,2022-06-02 03:57:39
584,Atambua,ID,-9.1061,124.8925,85.21,59,9,4.45,clear sky,2022-06-02 03:57:40
585,Damavand,IR,35.7178,52.065,68.0,26,1,3.38,clear sky,2022-06-02 03:57:41
586,Verkhnevilyuysk,RU,63.4453,120.3167,63.21,55,65,5.48,light rain,2022-06-02 03:57:41
587,Merauke,ID,-8.4667,140.3333,86.9,62,17,13.06,few clouds,2022-06-02 03:55:07
588,Sarkand,KZ,45.41,79.9186,60.12,76,91,10.89,overcast clouds,2022-06-02 03:57:42
589,Mao,ES,39.8885,4.2658,66.76,100,100,10.36,overcast clouds,2022-06-02 03:57:43
590,Kharp,RU,66.8014,65.8081,38.86,37,2,11.25,clear sky,2022-06-02 03:57:43
591,Khandagayty,RU,50.7333,92.05,58.6,36,45,22.97,scattered clouds,2022-06-02 03:57:44
592,Baiao,BR,-2.7906,-49.6717,71.51,99,91,2.42,overcast clouds,2022-06-02 03:57:45
593,Harper,LR,4.375,-7.7169,77.45,86,100,1.68,overcast clouds,2022-06-02 03:57:46
594,Black Diamond,US,47.3087,-122.0032,63.37,80,82,2.91,broken clouds,2022-06-02 03:57:01
595,Nizhneangarsk,RU,55.7833,109.55,52.97,47,97,3.2,overcast clouds,2022-06-02 03:57:47
596,Gondanglegi,ID,-7.7479,112.0132,85.48,66,9,10.18,clear sky,2022-06-02 03:57:47
597,Ler,SS,8.3018,30.1418,75.85,73,88,5.7,overcast clouds,2022-06-02 03:57:48
598,Berbera,SO,10.4396,45.0143,91.96,41,41,16.82,scattered clouds,2022-06-02 03:57:49
599,Easton,US,40.6884,-75.2207,65.77,93,100,1.99,overcast clouds,2022-06-02 03:58:50
600,Sacramento,US,38.4666,-121.3177,84.58,31,40,5.99,scattered clouds,2022-06-02 03:56:39
601,Sabang,ID,5.8933,95.3214,82.53,76,100,22.1,overcast clouds,2022-06-02 03:58:51
602,El Sauzal,MX,31.9,-116.6833,59.41,80,24,0.96,few clouds,2022-06-02 03:58:52
603,Tosya,TR,41.0155,34.0401,63.73,63,31,3.13,scattered clouds,2022-06-02 03:58:52
604,Kankon,IN,15.0167,74.0167,84.0,72,78,6.85,broken clouds,2022-06-02 03:58:53
605,Nouakchott,MR,18.0858,-15.9785,89.53,40,27,25.86,scattered clouds,2022-06-02 03:58:12
606,Rossland,CA,49.0831,-117.8022,56.71,48,100,1.99,overcast clouds,2022-06-02 03:58:54
607,Griffith,US,41.5284,-87.4237,60.26,80,40,0.0,scattered clouds,2022-06-02 03:58:55
608,Gushikawa,JP,26.3544,127.8686,80.6,90,100,11.5,heavy intensity rain,2022-06-02 03:58:56
609,Aswan,EG,24.0934,32.907,79.9,24,0,4.61,clear sky,2022-06-02 03:58:56
610,Kenitra,MA,34.261,-6.5802,59.76,91,78,4.7,broken clouds,2022-06-02 03:58:58
611,Mulege,MX,26.8833,-111.9833,77.43,59,0,1.52,clear sky,2022-06-02 03:58:58
612,Litovko,RU,49.2361,135.1742,60.37,66,95,14.07,overcast clouds,2022-06-02 03:58:59
613,Khabary,RU,53.6259,79.5345,54.77,56,6,15.05,clear sky,2022-06-02 03:59:00
614,Alghero,IT,40.5589,8.3181,62.69,100,0,5.75,clear sky,2022-06-02 03:59:00
615,Weligama,LK,5.9667,80.4167,80.94,85,80,14.29,broken clouds,2022-06-02 03:59:01
616,Tiarei,PF,-17.5333,-149.3333,78.82,76,99,14.85,overcast clouds,2022-06-02 03:59:01
617,Aksu,CN,41.1231,80.2644,77.9,19,0,2.44,clear sky,2022-06-02 03:59:02
618,Maymyo,MM,22.0333,96.4667,75.99,69,100,7.49,overcast clouds,2022-06-02 03:59:03
619,Ponta Delgada,PT,37.7333,-25.6667,61.5,82,20,3.44,few clouds,2022-06-02 03:59:03
620,Le Moule,GP,16.3332,-61.3473,77.04,75,88,10.92,overcast clouds,2022-06-02 03:59:04
621,Maningrida,AU,-12.0667,134.2667,87.44,55,75,14.47,broken clouds,2022-06-02 03:59:05
622,Mineiros,BR,-17.5694,-52.5511,67.06,53,23,2.42,few clouds,2022-06-02 03:59:05
623,Ferkessedougou,CI,9.6,-5.2,75.11,81,100,7.05,overcast clouds,2022-06-02 03:59:06
624,Velikiy Ustyug,RU,60.7644,46.3106,61.48,84,99,1.34,overcast clouds,2022-06-02 03:59:06
625,Jacobina,BR,-11.1806,-40.5183,64.67,98,24,2.95,few clouds,2022-06-02 03:54:13
626,Lisakovsk,KZ,52.5369,62.4936,65.26,45,7,6.38,clear sky,2022-06-02 03:59:07
627,Xicotencatl,MX,23.0167,-98.8833,81.54,78,41,5.91,scattered clouds,2022-06-02 03:59:08
628,Ciechanow,PL,52.8814,20.62,53.46,87,56,6.2,broken clouds,2022-06-02 03:59:09
629,Cerrito,CO,6.8432,-72.694,49.26,81,96,3.49,overcast clouds,2022-06-02 03:59:09
630,Narok,KE,-1.0783,35.8601,54.99,94,97,6.73,overcast clouds,2022-06-02 03:59:10
631,Acheng,CN,45.5454,126.977,70.86,41,17,4.92,few clouds,2022-06-02 03:59:11
632,Neiafu,TO,-18.65,-173.9833,83.08,74,40,10.36,scattered clouds,2022-06-02 03:59:11
633,Abnub,EG,27.2696,31.1511,70.02,43,0,8.52,clear sky,2022-06-02 03:59:12
634,Graham,US,47.0529,-122.2943,63.39,76,100,3.0,overcast clouds,2022-06-02 03:59:13
635,Flinders,AU,-34.5833,150.8552,63.37,60,98,6.02,overcast clouds,2022-06-02 03:59:14
636,Shunyi,CN,40.125,116.6453,87.75,30,0,6.71,clear sky,2022-06-02 03:59:14
637,Beyneu,KZ,45.3167,55.2,75.7,37,0,21.9,clear sky,2022-06-02 03:59:15
638,Kununurra,AU,-15.7667,128.7333,93.18,49,40,10.36,scattered clouds,2022-06-02 03:59:16
639,Tongliao,CN,43.6125,122.2653,77.16,25,100,2.01,overcast clouds,2022-06-02 03:59:17
640,Killybegs,IE,54.6333,-8.45,49.23,86,84,4.09,broken clouds,2022-06-02 03:59:17
641,Abbeville,FR,50.1,1.8333,46.49,92,34,6.08,scattered clouds,2022-06-02 03:59:18
642,Valdosta,US,30.8327,-83.2785,75.92,81,51,7.43,broken clouds,2022-06-02 04:00:16
643,La Libertad,EC,-2.2333,-80.9,69.46,83,0,11.5,clear sky,2022-06-02 03:56:39
644,Papara,BR,-3.9839,-38.7273,73.69,95,99,2.53,overcast clouds,2022-06-02 04:00:38
645,Price,US,39.5994,-110.8107,63.12,30,79,5.48,broken clouds,2022-06-02 03:59:55
646,Santarem,BR,-2.4431,-54.7083,73.2,97,72,1.39,broken clouds,2022-06-02 04:00:46
647,Cheremkhovo,RU,53.1561,103.0675,52.52,91,100,0.51,light rain,2022-06-02 04:00:19
648,Usinsk,RU,65.9939,57.5281,46.17,33,6,14.81,clear sky,2022-06-02 04:00:55
649,Juneau,US,58.3019,-134.4197,68.11,45,1,4.9,clear sky,2022-06-02 04:00:56
650,Caravelas,BR,-17.7125,-39.2481,72.36,93,7,1.48,clear sky,2022-06-02 04:00:57
651,Thunder Bay,CA,48.4001,-89.3168,51.78,76,40,5.75,scattered clouds,2022-06-02 03:57:24
652,Lima,PE,-12.0432,-77.0282,59.25,88,0,10.36,clear sky,2022-06-02 03:59:44
653,Zheleznogorsk,RU,52.331,35.3711,63.27,92,66,6.13,broken clouds,2022-06-02 04:01:05
654,Aykhal,RU,66.0,111.5,60.21,34,12,17.25,few clouds,2022-06-02 04:01:06
655,Vargashi,RU,55.3556,65.8467,63.39,59,13,4.79,few clouds,2022-06-02 04:01:08
656,Grandola,PT,38.1772,-8.5668,62.35,97,25,6.08,scattered clouds,2022-06-02 04:01:09
657,Jurm,AF,36.8648,70.8342,66.83,35,2,2.89,clear sky,2022-06-02 04:01:10
658,Half Moon Bay,US,37.4636,-122.4286,67.53,84,0,5.75,mist,2022-06-02 03:57:26
659,Bani,DO,18.2833,-70.3333,76.08,86,88,4.94,overcast clouds,2022-06-02 04:01:11
660,Murgab,TM,37.4966,61.9714,89.56,12,0,4.83,clear sky,2022-06-02 04:01:12
661,Isla Mujeres,MX,21.2311,-86.731,77.16,81,100,22.06,overcast clouds,2022-06-02 04:01:13
662,Kabare,CD,-2.4683,28.8242,59.25,97,99,3.56,overcast clouds,2022-06-02 04:01:14
663,Saint-Georges,GD,12.0564,-61.7485,80.28,78,20,13.8,few clouds,2022-06-02 03:58:47
664,Luganville,VU,-15.5333,167.1667,82.63,75,96,6.82,overcast clouds,2022-06-02 04:01:15
665,Conakry,GN,9.538,-13.6773,80.73,81,100,5.68,overcast clouds,2022-06-02 04:01:16
666,Tevriz,RU,57.509,72.4042,51.01,38,11,10.4,few clouds,2022-06-02 04:01:17
667,Okhotsk,RU,59.3833,143.3,45.3,78,100,8.01,overcast clouds,2022-06-02 04:01:18
668,Loreto,MX,22.2667,-101.9667,65.71,64,1,22.95,clear sky,2022-06-02 04:01:19
669,Maceio,BR,-9.6658,-35.7353,72.84,94,75,4.61,mist,2022-06-02 04:01:20
670,Rabo De Peixe,PT,37.8,-25.5833,60.28,94,20,3.44,few clouds,2022-06-02 04:01:21
671,Kulhudhuffushi,MV,6.6221,73.07,82.4,77,99,18.16,overcast clouds,2022-06-02 04:01:22
672,Lons-Le-Saunier,FR,46.75,5.75,59.23,97,100,3.29,overcast clouds,2022-06-02 04:01:23
673,Charters Towers,AU,-20.1,146.2667,77.54,34,74,6.4,broken clouds,2022-06-02 04:01:24
674,Gulmarg,IN,34.049,74.3921,57.78,49,1,4.34,clear sky,2022-06-02 04:01:25
675,Carndonagh,IE,55.25,-7.2667,48.87,84,98,4.18,overcast clouds,2022-06-02 04:01:25
676,Morro Bay,US,35.3658,-120.8499,60.39,79,6,4.0,clear sky,2022-06-02 04:01:26
677,Lotofaga,WS,-13.9764,-171.8578,80.92,73,31,9.06,scattered clouds,2022-06-02 04:01:27
678,Charagua,BO,-19.8,-63.2167,48.18,91,100,3.85,overcast clouds,2022-06-02 04:01:28
679,Divnogorsk,RU,55.9594,92.3619,57.74,69,100,15.14,light rain,2022-06-02 04:01:29
680,Vestmannaeyjar,IS,63.4427,-20.2734,49.3,89,100,10.45,overcast clouds,2022-06-02 04:01:29
681,Alto Araguaia,BR,-17.3147,-53.2153,66.42,60,10,1.39,clear sky,2022-06-02 04:01:30
